1,https://www.youtube.com/c/OpeninApp
2,https://www.youtube.com/channel/UCIGDcUqL2kKMdJCpIr_dfxg
3,https://www.youtube.com/hashtag/openinapp
4,https://www.youtube.com/watch?v=vOo-VyPIiW0
5,https://www.youtube.com/watch?v=Mi4eiO-ESG0
6,https://www.youtube.com/watch?v=-GvsoRszRt4
7,https://www.youtube.com/watch?v=O6lup3SN4Bw
8,https://www.youtube.com/watch?v=1k3rW_MMvg4
9,https://www.youtube.com/watch?v=qtQZg9deBOM
10,https://www.youtube.com/watch?v=x6nrchdG_5k
11,https://www.youtube.com/hashtag/openinapp
12,https://www.youtube.com/watch?v=jIny175EFnU
13,https://www.youtube.com/watch?v=uBqgNlm6mo8
14,https://www.youtube.com/c/TheCrazySk/community
15,https://www.youtube.com/watch?v=mm5uSYePVIs
16,https://www.youtube.com/watch?v=h3YopjTcBko
17,https://www.youtube.com/watch?v=IH6riVqu3cE
18,https://www.youtube.com/watch?v=yx0abfdHY8Q
19,https://www.youtube.com/watch?v=bjI2ojy2OQA
20,https://www.youtube.com/watch?v=DFWXuhx7o_A
21,https://www.youtube.com/watch?v=PGlA4IdGQtI
22,https://www.youtube.com/watch?v=_vok3EqklOU
23,https://www.youtube.com/watch?v=OckDlAdIAyE
24,https://www.youtube.com/watch?v=bfs2y2y7hh0
25,https://www.youtube.com/watch?v=bsD3592Zey0
26,https://www.youtube.com/watch?v=ZY4dlVGBLGU
27,https://www.youtube.com/watch?v=JLUxTgpK3DY
28,https://www.youtube.com/watch?v=utBmM9SSw5k
29,https://www.youtube.com/watch?v=7iRNkkafp6M
30,https://www.youtube.com/watch?v=FmQjzwtrkSc
31,https://www.youtube.com/watch?v=7iRNkkafp6M
32,https://www.youtube.com/watch?v=4q6B3sm-5vM
33,https://www.youtube.com/watch?v=FmQjzwtrkSc
34,https://www.youtube.com/watch?v=1ybWhgpGjqM
35,https://www.youtube.com/watch?v=8e65yiBMuuU
36,https://www.youtube.com/watch?v=0o7bwyrgo0Y
37,https://www.youtube.com/watch?v=JN0BXZIE3PQ
38,https://www.youtube.com/watch?v=IH6riVqu3cE
39,https://www.youtube.com/watch?v=TGI3uGfJ1JM
40,https://www.youtube.com/post/Ugkxpc4ZKtL7bvZ24AdHrgi1Za5PwmhHSvcn
41,https://www.youtube.com/watch?v=4q6B3sm-5vM
42,https://www.youtube.com/watch?v=0o7bwyrgo0Y
43,https://www.youtube.com/watch?v=p3-sbPezYPI
44,https://www.youtube.com/post/Ugkx8TBLEMFgPUZmo8uCePHXuF0E_1onTBtg
45,https://www.youtube.com/watch?v=fscCla8QmuE
46,https://www.youtube.com/watch?v=PWiFT3CLCEo
47,https://www.youtube.com/post/UgkxV9pJEoVzx_WuXzxrwx1iJhVKoBkgws1i
48,https://www.youtube.com/watch?v=FeHmsfgB3lM
49,https://www.youtube.com/watch?v=4YdoE_bO-mo
50,https://www.youtube.com/watch?v=1mjEXESNXgY
51,https://www.youtube.com/watch?v=y8N7ORShafg
52,https://www.youtube.com/watch?v=CDQeOYX4h6k
53,https://www.youtube.com/watch?v=PNwJ3HEzJAI
54,https://www.youtube.com/watch?v=CFbyjoBoWTw
55,https://www.youtube.com/watch?v=fCuNlTzvzcc
56,https://www.youtube.com/watch?v=wDxB8Ttcq64
57,https://www.youtube.com/watch?v=_ZWQ2TEkm7w
58,https://www.youtube.com/watch?v=pS-3W8KHj4k
59,https://www.youtube.com/post/UgkxMeBeKUxE9d4b0DZWnqeEk6Fx1_B-3Cfw
60,https://www.youtube.com/channel/UClOQrZIZQZojI3CmJ3jC2eg
61,https://www.youtube.com/post/Ugkxe-dKFE1u99CYQ_jnZIU36-GKFdtRII1F
62,https://www.youtube.com/watch?v=Nlr-tidmtZM
63,https://www.youtube.com/watch?v=WNZUum4AxDc
64,https://www.youtube.com/watch?v=li4XWQRnpPk
65,https://www.youtube.com/watch?v=STMDP0EoybE
66,https://www.youtube.com/watch?v=jNr_jZOnFj0
67,https://www.youtube.com/watch?v=V_4Qxt-YUH4
68,https://www.youtube.com/watch?v=q_JnSBf-b3I
69,https://www.youtube.com/watch?v=-jLYw_DXHiw
70,https://www.youtube.com/watch?v=hWJgQuec-Lw
71,https://www.youtube.com/watch?v=-jLYw_DXHiw
72,https://www.youtube.com/watch?v=hWJgQuec-Lw
73,https://www.youtube.com/watch?v=BxLBKjxFzZs
74,https://www.youtube.com/watch?v=l8i99yKUgg0
75,https://www.youtube.com/watch?v=Os15eYiA6qs
76,https://www.youtube.com/watch?v=zbRkpU5jl2w
77,https://www.youtube.com/watch?v=QvbglSSsarI
78,https://www.youtube.com/watch?v=gklq79N0pcs
79,https://www.youtube.com/post/UgkxnMoBx-aYbHJ5NmcJ1XSJk7bafIgmzoaV
80,https://www.youtube.com/watch?v=rVCoyOW5T20
81,https://www.youtube.com/post/UgkxnMoBx-aYbHJ5NmcJ1XSJk7bafIgmzoaV
82,https://www.youtube.com/watch?v=rVCoyOW5T20
83,https://www.youtube.com/watch?v=TgvaaJwpstM
84,https://www.youtube.com/post/Ugkx05EsCRH92it5kN0YBwD8HlG4yKfLAWag
85,https://www.youtube.com/watch?v=9NbP27ALkMk
86,https://www.youtube.com/watch?v=hhEU9rU1ymI
87,https://www.youtube.com/watch?v=FYj6nJTCn_k
88,https://www.youtube.com/watch?v=sc68B-IwjCY
89,https://www.youtube.com/watch?v=_h9R3jrWbnc
90,https://www.youtube.com/watch?v=4BW8AKAeOxE
91,https://www.youtube.com/watch?v=c0MjfSq1jJs
92,https://www.youtube.com/watch?v=Rz3EpMziEto
93,https://www.youtube.com/watch?v=z51W15a-dGA
94,https://www.youtube.com/watch?v=j1Lmtld6fIE
95,https://www.youtube.com/watch?v=wm1vDzrZpcY
96,https://www.youtube.com/channel/UC9o1F_8M5B1hZ00posMaY0g
97,https://www.youtube.com/watch?v=ZyBT7twF9yM
98,https://www.youtube.com/watch?v=H01o-zTeCQQ
99,https://www.youtube.com/watch?v=_45uaVvqXl0
100,https://www.youtube.com/watch?v=oB9nkMz8Xy0
101,https://www.youtube.com/watch?v=_XbsmXyfXtw
102,https://www.youtube.com/watch?v=1GCsKCqMMc8
103,https://www.youtube.com/watch?v=pS-3W8KHj4k
104,https://www.youtube.com/watch?v=NbHXQQ2cFNQ
105,https://www.youtube.com/watch?v=fQrNsIiNeTw
106,https://www.youtube.com/watch?v=hrMrRNhqePo
107,https://www.youtube.com/watch?v=ySq5uPVrXyo
108,https://www.youtube.com/watch?v=Z3rPk5Zm3x0
109,https://www.youtube.com/watch?v=G7QoMgd8USY
110,https://www.youtube.com/watch?v=OMqfnMIGb-E
111,https://www.youtube.com/watch?v=G7QoMgd8USY
112,https://www.youtube.com/watch?v=OMqfnMIGb-E
113,https://www.youtube.com/post/Ugkx2eUb2LsSprqM8kvQxmZ_yaHxqZB-mZLL
114,https://www.youtube.com/watch?v=Q84PteAKy8M
115,https://www.youtube.com/watch?v=YgdoTxHive0
116,https://www.youtube.com/watch?v=GXsqLwwTgZw
117,https://www.youtube.com/watch?v=Iwh44vXdlps
118,https://www.youtube.com/watch?v=aGmO4mee4uA
119,https://www.youtube.com/watch?v=qDIVTTnKnzQ
120,https://www.youtube.com/watch?v=Jp0g44yGCgk
121,https://www.youtube.com/watch?v=tAWB54Y0Zts
122,https://www.youtube.com/watch?v=cfx5PYfAm5U
123,https://www.youtube.com/post/UgkxT0Tdchpsuu5RtEXKOSJAUdi1qFp8j_6n
124,https://www.youtube.com/watch?v=4h9mWVA_H4g
125,https://www.youtube.com/watch?v=Tjw8_obtAZM
126,https://www.youtube.com/watch?v=40wO7-FdZUo
127,https://www.youtube.com/watch?v=0TQvzuMiW9A
128,https://www.youtube.com/watch?v=Xa4zyN3CCcc
129,https://www.youtube.com/watch?v=V0tavqsm2Pk
130,https://www.youtube.com/watch?v=4e5z8IlE-dc
131,https://www.youtube.com/watch?v=3VE8otVDJoY
132,https://www.youtube.com/watch?v=wN4YGb_xTDs
133,https://www.youtube.com/watch?v=r0Qo7ImidzI
134,https://www.youtube.com/watch?v=CyRAjJGDxcM
135,https://www.youtube.com/watch?v=y_Fw0IJWedE
136,https://www.youtube.com/watch?v=C9GPek86Z1M
137,https://www.youtube.com/watch?v=1dc4x7pQQJQ
138,https://www.youtube.com/watch?v=W9XPrZs1SEg
139,https://www.youtube.com/post/Ugkxkd6qBjaUy4eUiq0aMj1oSh4oJqmTrtkO
140,https://www.youtube.com/watch?v=bapQQ1althQ
141,https://www.youtube.com/watch?v=cg68Oj-qcwc
142,https://www.youtube.com/watch?v=4e5z8IlE-dc
143,https://www.youtube.com/watch?v=TbZ8gF0JrEc
144,https://www.youtube.com/watch?v=3VE8otVDJoY
145,https://www.youtube.com/watch?v=wN4YGb_xTDs
146,https://www.youtube.com/watch?v=r0Qo7ImidzI
147,https://www.youtube.com/watch?v=bZzCv2t4PXs
148,https://www.youtube.com/watch?v=y_Fw0IJWedE
149,https://www.youtube.com/watch?v=C9GPek86Z1M
150,https://www.youtube.com/watch?v=1dc4x7pQQJQ
151,https://www.youtube.com/watch?v=ZZVv-T0vqfI
152,https://www.youtube.com/watch?v=zhFh2az7uLE
153,https://www.youtube.com/watch?v=p3-sbPezYPI
154,https://www.youtube.com/watch?v=Srh7BS2_wp0
155,https://www.youtube.com/watch?v=gNFNMde06Ws
156,https://www.youtube.com/post/UgkxvxeOVISLxaPkK0XyP2zDBrqTfdJ36ULb
157,https://www.youtube.com/watch?v=eZt60cJVGqM
158,https://www.youtube.com/watch?v=CbESfZanYyA
159,https://www.youtube.com/watch?v=YUYg2lNDczw
160,https://www.youtube.com/watch?v=rz6DyTaV4MQ
161,https://www.youtube.com/watch?v=4gGmLtCMMA4
162,https://www.youtube.com/watch?v=rz6DyTaV4MQ
163,https://www.youtube.com/watch?v=SlLqjvkTyhQ
164,https://www.youtube.com/watch?v=cg68Oj-qcwc
165,https://www.youtube.com/watch?v=Q7sT-k3-gWs
166,https://www.youtube.com/watch?v=2LTI-6gEXdU
167,https://www.youtube.com/watch?v=eu7utdkZzHc
168,https://www.youtube.com/watch?v=bZzCv2t4PXs
169,https://www.youtube.com/watch?v=RbHMgc6vxR8
170,https://www.youtube.com/watch?v=2eeNGaOLKd8
171,https://www.youtube.com/watch?v=nYj5r0LXb-8
172,https://www.youtube.com/watch?v=2eeNGaOLKd8
173,https://www.youtube.com/watch?v=sIB01rQy7B0
174,https://www.youtube.com/watch?v=cg68Oj-qcwc
175,https://www.youtube.com/watch?v=tr5tmXA4QYc
176,https://www.youtube.com/watch?v=S_ICCbYTEkg
177,https://www.youtube.com/watch?v=Bd4ES3gm06E
178,https://www.youtube.com/watch?v=dd02GPhhNhQ
179,https://www.youtube.com/watch?v=v4Bu4sC0Vz0
180,https://www.youtube.com/watch?v=zL7mZqziHlo
181,https://www.youtube.com/watch?v=S_ICCbYTEkg
182,https://www.youtube.com/watch?v=v4Bu4sC0Vz0
183,https://www.youtube.com/watch?v=N-qzWVw6b_A
184,https://www.youtube.com/watch?v=dpypfwXk2DE
185,https://www.youtube.com/watch?v=umRzwzhkNjU
186,https://www.youtube.com/watch?v=lyciCATGS5Q
187,https://www.youtube.com/watch?v=6gW8Lj9JyNs
188,https://www.youtube.com/watch?v=dd02GPhhNhQ
189,https://www.youtube.com/watch?v=u0_HBScfnmE
190,https://www.youtube.com/watch?v=OsHFAEF5eH4
191,https://www.youtube.com/watch?v=nCjDT8in7Dw
192,https://www.youtube.com/watch?v=s0eUGZVDdxU
193,https://www.youtube.com/watch?v=37LWv9yHcis
194,https://www.youtube.com/watch?v=a3e4qgyq1mg
195,https://www.youtube.com/watch?v=awmkakjySGM
196,https://www.youtube.com/watch?v=19mkRakfG6U
197,https://www.youtube.com/watch?v=kJ5HUswFIew
198,https://www.youtube.com/watch?v=thgjps34ywU
199,https://www.youtube.com/watch?v=KtI3wEWX1lU
200,https://www.youtube.com/watch?v=wh5G03w0KS0
201,https://www.youtube.com/watch?v=wh5G03w0KS0
202,https://www.youtube.com/watch?v=kJ5HUswFIew
203,https://www.youtube.com/watch?v=awmkakjySGM
204,https://www.youtube.com/watch?v=dKcPPzP2hkg
205,https://www.youtube.com/watch?v=Go7f0zB6r2U
206,https://www.youtube.com/watch?v=rw-fFDMsmH8
207,https://www.youtube.com/watch?v=EGLcR_G7jYg
208,https://www.youtube.com/watch?v=x5xqxOTBkEQ
209,https://www.youtube.com/watch?v=SUtx3f9Rw28
210,https://www.youtube.com/watch?v=wlbupzFpvEY
211,https://www.youtube.com/watch?v=x5xqxOTBkEQ
212,https://www.youtube.com/watch?v=GslMy1zt7wU
213,https://www.youtube.com/watch?v=WbwSlQFawpc
214,https://www.youtube.com/watch?v=wlbupzFpvEY
215,https://www.youtube.com/watch?v=SUtx3f9Rw28
216,https://www.youtube.com/watch?v=PVNsrX9eFZY
217,https://www.youtube.com/watch?v=NnXn2HeDwo4
218,https://www.youtube.com/watch?v=VL8a9pvAjYE
219,https://www.youtube.com/watch?v=YIxNQCAuzfM
220,https://www.youtube.com/watch?v=rSkWviZPmAA
221,https://www.youtube.com/watch?v=cyL5e1ywuAw
222,https://www.youtube.com/watch?v=Ol40a2ryEXI
224,https://www.youtube.com/watch?v=Xw869OeSXgA
225,https://www.youtube.com/watch?v=YUZfMZdBuqI
226,https://www.youtube.com/watch?v=3co0-7OTYi0
227,https://www.youtube.com/watch?v=WbwSlQFawpc
228,https://www.youtube.com/watch?v=UTSy49c4Adw
229,https://www.youtube.com/watch?v=GgdtdNueEVM
231,https://www.youtube.com/watch?v=v3ywl7W9Zf4
232,https://www.youtube.com/watch?v=z8mYa8BCvgQ
233,https://www.youtube.com/watch?v=Y5XrvV4a-bY
234,https://www.youtube.com/watch?v=-BtfxmmGKFA
235,https://www.youtube.com/watch?v=9zAE4vYlaSw
236,https://www.youtube.com/watch?v=rHmENH-I7BI
237,https://www.youtube.com/watch?v=1QuRO6uTKvM
238,https://www.youtube.com/watch?v=_h9R3jrWbnc
239,https://www.youtube.com/watch?v=onfzIzlFUqE
240,https://www.youtube.com/watch?v=hwpXvIooNME
241,https://www.youtube.com/watch?v=XM7EBaAT5BI
242,https://www.youtube.com/watch?v=rrfKkcSLRXw
243,https://www.youtube.com/watch?v=psU77uuaGBg
244,https://www.youtube.com/watch?v=GcFSTGsXxkE
245,https://www.youtube.com/watch?v=lwTviTOKz7U
246,https://www.youtube.com/watch?v=aT-Xr-XoJcs
247,https://www.youtube.com/watch?v=L9Xsyx4d2vI
248,https://www.youtube.com/watch?v=R_BAiJC1ev0
249,https://www.youtube.com/watch?v=DX-JyMGxniY
250,https://www.youtube.com/watch?v=6a8hNwqo-2A
251,https://www.youtube.com/watch?v=CuTGjKPER0Q
252,https://www.youtube.com/watch?v=T_ezXfgX2WU
253,https://www.youtube.com/watch?v=DX-JyMGxniY
254,https://www.youtube.com/watch?v=BNe-KGVRwy4
255,https://www.youtube.com/watch?v=L9Xsyx4d2vI
256,https://www.youtube.com/watch?v=26UWrQSd2sg
257,https://www.youtube.com/watch?v=NgHbNh8MNcg
258,https://www.youtube.com/watch?v=FNey5HPrt1M
259,https://www.youtube.com/watch?v=-pulc06dKA8
260,https://www.youtube.com/watch?v=zqyTkArU5Y0
261,https://www.youtube.com/watch?v=FNey5HPrt1M
262,https://www.youtube.com/watch?v=YDeT4e0Yp2E
263,https://www.youtube.com/watch?v=aMvwoAHmIYQ
264,https://www.youtube.com/watch?v=XWxxbgq7t1Y
265,https://www.youtube.com/watch?v=Ge8wWwOR8RY
266,https://www.youtube.com/watch?v=qunm3quS7MY
267,https://www.youtube.com/watch?v=j9RCwlkQndI
268,https://www.youtube.com/watch?v=jzSC0y6SZs4
269,https://www.youtube.com/watch?v=iykxJzLWAwI
270,https://www.youtube.com/watch?v=VEZY3r0BdaQ
271,https://www.youtube.com/watch?v=sTpEr2I22U4
272,https://www.youtube.com/watch?v=syWSBsrtmkA
273,https://www.youtube.com/watch?v=VEZY3r0BdaQ
274,https://www.youtube.com/watch?v=8nXEzhmBni4
275,https://www.youtube.com/watch?v=aMqWuglRwpE
276,https://www.youtube.com/watch?v=6Cutwdgxtkk
277,https://www.youtube.com/watch?v=JRDsgOHjARg
278,https://www.youtube.com/watch?v=aNEQOZjFWQM
279,https://www.youtube.com/watch?v=gEjxuTdOx1A
280,https://www.youtube.com/watch?v=nFGpABUChak
281,https://www.youtube.com/watch?v=gEjxuTdOx1A
282,https://www.youtube.com/watch?v=UpcAdClUsI8
283,https://www.youtube.com/watch?v=tU5IzWWV570
284,https://www.youtube.com/watch?v=pMoxcJEtSuU
285,https://www.youtube.com/watch?v=nFGpABUChak
286,https://www.youtube.com/watch?v=SrjklEPpmhw
287,https://www.youtube.com/watch?v=Mju1EECtSHA
288,https://www.youtube.com/watch?v=Y-t73pihSe0
289,https://www.youtube.com/watch?v=imA7FYM7iW8
290,https://www.youtube.com/watch?v=_JFSYVvQ04g
291,https://www.youtube.com/watch?v=_JFSYVvQ04g
292,https://www.youtube.com/watch?v=UuFzm6kjns0
293,https://www.youtube.com/watch?v=gJy06IaqEjs
294,https://www.youtube.com/watch?v=OjNOQ6gZDWw
295,https://www.youtube.com/watch?v=aOH6gLbg3Vw
296,https://www.youtube.com/watch?v=rmk8y89HRbQ
297,https://www.youtube.com/watch?v=OGS8l8GrvOs
298,https://www.youtube.com/watch?v=pOvzDooFgps
299,https://www.youtube.com/watch?v=4VdsEldpe3Y
300,https://www.youtube.com/watch?v=lxMGlTKmIyg
301,https://www.youtube.com/watch?v=7oHD397SOJ4
302,https://www.youtube.com/watch?v=zRZRdNR5WEI
303,https://www.youtube.com/watch?v=RNQpWorLHWw
304,https://www.youtube.com/watch?v=_LgcH6Lob8w
305,https://www.youtube.com/watch?v=Niobn7kTt00
306,https://www.youtube.com/watch?v=b6sh_wzCt2I
307,https://www.youtube.com/watch?v=bWPZferXEF8
308,https://www.youtube.com/watch?v=P7bRHaEnP3A
309,https://www.youtube.com/watch?v=0H8FnVGG8no
310,https://www.youtube.com/hashtag/upsc_ka_form_kaise_bharein_2023
311,https://www.youtube.com/watch?v=A4T6NF8gCRg
312,https://www.youtube.com/watch?v=1tRIjWxTPXw
313,https://www.youtube.com/watch?v=RRgOejgZ6rI
314,https://www.youtube.com/watch?v=T637Su1DTek
315,https://www.youtube.com/watch?v=T3JP9qOlYlQ
316,https://www.youtube.com/watch?v=BlMWKZ084dA
317,https://www.youtube.com/watch?v=91poNCPlMyQ
318,https://www.youtube.com/watch?v=cqi7wuuNwwc
319,https://www.youtube.com/watch?v=HhPM64qidFI
320,https://www.youtube.com/watch?v=HF_wmkOFaPc
321,https://www.youtube.com/watch?v=HF_wmkOFaPc
322,https://www.youtube.com/watch?v=ritFQObu5X8
323,https://www.youtube.com/watch?v=JFGNj19HTcw
324,https://www.youtube.com/watch?v=6ZJLO197ozg
325,https://www.youtube.com/watch?v=YvFLGNUlH0Q
326,https://www.youtube.com/watch?v=qblWCROuqOQ
327,https://www.youtube.com/watch?v=csDM5ICnzFw
328,https://www.youtube.com/watch?v=MhNZOOnPEwI
329,https://www.youtube.com/watch?v=gtaPs7sDGAk
330,https://www.youtube.com/watch?v=RS1Xqc9nRfc
331,https://www.youtube.com/watch?v=RS1Xqc9nRfc
332,https://www.youtube.com/watch?v=KxiKEkCHKMk
333,https://www.youtube.com/watch?v=HY77OALTAyI
334,https://www.youtube.com/watch?v=vf6OoGvc9gQ
335,https://www.youtube.com/watch?v=NLOU2ysBEPQ
336,https://www.youtube.com/watch?v=vNQ5vKOJsHU
337,https://www.youtube.com/watch?v=vwBvPTx-QPE
338,https://www.youtube.com/source/qtQZg9deBOM/shorts?bp=8gVDCjYSJwoLcXRRWmc5ZGVCT00SC3F0UVpnOWRlQk9NGgtxdFFaZzlkZUPTRoLcXRRWmc5ZGVCT00oqc2D64uH_4i7AQ%253D%253D
340,https://www.youtube.com/channel/UCIGDcUqL2kKMdJCpIr_dfxg
341,https://www.youtube.com/c/OpeninApp
342,https://www.youtube.com/hashtag/openinapp
345,https://www.youtube.com/c/OpeninApp
346,https://www.youtube.com/channel/UCIGDcUqL2kKMdJCpIr_dfxg
347,https://www.youtube.com/watch?v=vOo-VyPIiW0
348,https://www.youtube.com/watch?v=Z8ofLza36EU
349,https://www.youtube.com/watch?v=qtQZg9deBOM
350,https://www.youtube.com/post/UgkxkNMzcb3UCWm4sfl1TtmpUE9eRv_qGnSj
351,https://www.youtube.com/watch?v=CXc_Iz-bWeE
352,https://www.youtube.com/watch?v=pS-3W8KHj4k
353,https://www.youtube.com/watch?v=bsD3592Zey0
354,https://www.youtube.com/post/Ugkxpc4ZKtL7bvZ24AdHrgi1Za5PwmhHSvcn
355,https://www.youtube.com/watch?v=PWiFT3CLCEo
356,https://www.youtube.com/watch?v=Mi4eiO-ESG0
357,https://www.youtube.com/watch?v=CDQeOYX4h6k
358,https://www.youtube.com/watch?v=PNwJ3HEzJAI
359,https://www.youtube.com/watch?v=wN4YGb_xTDs
360,https://www.youtube.com/post/UgkxV9pJEoVzx_WuXzxrwx1iJhVKoBkgws1i
361,https://www.youtube.com/watch?v=PGlA4IdGQtI
362,https://www.youtube.com/watch?v=bfs2y2y7hh0
363,https://www.youtube.com/watch?v=dd02GPhhNhQ
364,https://www.youtube.com/watch?v=uBqgNlm6mo8
365,https://www.youtube.com/watch?v=8e65yiBMuuU
366,https://www.youtube.com/watch?v=JN0BXZIE3PQ
367,https://www.youtube.com/watch?v=fCuNlTzvzcc
368,https://www.youtube.com/post/Ugkx2eUb2LsSprqM8kvQxmZ_yaHxqZB-mZLL
369,https://www.youtube.com/watch?v=ioNGB468F1w
370,https://www.youtube.com/watch?v=DFWXuhx7o_A
371,https://www.youtube.com/watch?v=DFR-TNSNWoo
372,https://www.youtube.com/watch?v=DTu5MuevAgk
373,https://www.youtube.com/watch?v=Bd4ES3gm06E
374,https://www.youtube.com/watch?v=OckDlAdIAyE
375,https://www.youtube.com/watch?v=_ZWQ2TEkm7w
376,https://www.youtube.com/watch?v=TGI3uGfJ1JM
377,https://www.youtube.com/watch?v=FmQjzwtrkSc
378,https://www.youtube.com/watch?v=gklq79N0pcs
379,https://www.youtube.com/watch?v=s0eUGZVDdxU
380,https://www.youtube.com/watch?v=RO5Iwb3JMF8
381,https://www.youtube.com/watch?v=nYj5r0LXb-8
382,https://www.youtube.com/watch?v=eF2pZMgfCqA
383,https://www.youtube.com/watch?v=4YdoE_bO-mo
384,https://www.youtube.com/watch?v=1k3rW_MMvg4
385,https://www.youtube.com/watch?v=CFbyjoBoWTw
386,https://www.youtube.com/watch?v=kvus3AHaO60
387,https://www.youtube.com/watch?v=h3YopjTcBko
388,https://www.youtube.com/watch?v=eZt60cJVGqM
389,https://www.youtube.com/watch?v=utBmM9SSw5k
390,https://www.youtube.com/watch?v=XtwCD68JfJU
391,https://www.youtube.com/watch?v=_vok3EqklOU
392,https://www.youtube.com/watch?v=JLUxTgpK3DY
393,https://www.youtube.com/watch?v=yx0abfdHY8Q
394,https://www.youtube.com/watch?v=syWSBsrtmkA
395,https://www.youtube.com/watch?v=ZZVv-T0vqfI
396,https://www.youtube.com/watch?v=7iRNkkafp6M
397,https://www.youtube.com/watch?v=KtI3wEWX1lU
398,https://www.youtube.com/watch?v=rz6DyTaV4MQ
399,https://www.youtube.com/watch?v=XnQMGNHemRo
400,https://www.youtube.com/watch?v=ys5i_CyoAIE
401,https://www.youtube.com/watch?v=wh5G03w0KS0
402,https://www.youtube.com/watch?v=7zG7jspETQQ
403,https://www.youtube.com/watch?v=yF6OgrKzPNs
404,https://www.youtube.com/watch?v=mm5uSYePVIs
405,https://www.youtube.com/watch?v=ZY4dlVGBLGU
406,https://www.youtube.com/watch?v=ijwmAGQmxZo
407,https://www.youtube.com/watch?v=x6nrchdG_5k
408,https://www.youtube.com/watch?v=bapQQ1althQ
409,https://www.youtube.com/watch?v=8nXEzhmBni4
410,https://www.youtube.com/watch?v=0r4cCf6D0Yk
411,https://www.youtube.com/watch?v=zjdsPv9EkJM
412,https://www.youtube.com/watch?v=dKcPPzP2hkg
413,https://www.youtube.com/watch?v=L6QdFCjeMmQ
414,https://www.youtube.com/watch?v=RbHMgc6vxR8
415,https://www.youtube.com/watch?v=cg68Oj-qcwc
416,https://www.youtube.com/watch?v=f7qbsx8Ftr4
417,https://www.youtube.com/watch?v=6Fi3dFoA2Zc
418,https://www.youtube.com/watch?v=qunm3quS7MY
419,https://www.youtube.com/watch?v=3CfjHqkRsPo
420,https://www.youtube.com/post/Ugkxe-dKFE1u99CYQ_jnZIU36-GKFdtRII1F
421,https://www.youtube.com/watch?v=1mjEXESNXgY
422,https://www.youtube.com/watch?v=S_ICCbYTEkg
423,https://www.youtube.com/watch?v=kEzB94InzU4
424,https://www.youtube.com/watch?v=1Y4yGxF5ge0
425,https://www.youtube.com/watch?v=G7QoMgd8USY
426,https://www.youtube.com/watch?v=Xqs9dE3Rfxw
427,https://www.youtube.com/watch?v=fOV1HEPEtYQ
428,https://www.youtube.com/watch?v=IL6olHyCO2k
429,https://www.youtube.com/watch?v=7uEay1WdSSc
430,https://www.youtube.com/watch?v=IH6riVqu3cE
431,https://www.youtube.com/watch?v=Khw3ABtCz70
432,https://www.youtube.com/watch?v=R_rx1eeOPlg
433,https://www.youtube.com/watch?v=cfx5PYfAm5U
434,https://www.youtube.com/watch?v=szphgs_hJ9E
435,https://www.youtube.com/watch?v=3AVBMeWGXcE
436,https://www.youtube.com/watch?v=SlLqjvkTyhQ
437,https://www.youtube.com/watch?v=2eeNGaOLKd8
438,https://www.youtube.com/watch?v=rSkWviZPmAA
439,https://www.youtube.com/watch?v=Q7sT-k3-gWs
440,https://www.youtube.com/watch?v=rw-fFDMsmH8
441,https://www.youtube.com/watch?v=49hma5NIomQ
442,https://www.youtube.com/watch?v=mcukmuDZy9U
443,https://www.youtube.com/watch?v=VL8a9pvAjYE
444,https://www.youtube.com/watch?v=3co0-7OTYi0
446,https://www.youtube.com/watch?v=QclxBnrWDjw
449,https://www.youtube.com/watch?v=PMHQV2UpwVI
453,https://www.youtube.com/watch?v=RO5Iwb3JMF8
456,https://www.youtube.com/watch?v=Bd4ES3gm06E
458,https://www.youtube.com/watch?v=qunm3quS7MY
460,https://www.youtube.com/post/UgkxnMoBx-aYbHJ5NmcJ1XSJk7bafIgmzoaV
464,https://www.youtube.com/watch?v=IH1CCwfI1BY
468,https://www.youtube.com/watch?v=r0Qo7ImidzI
471,https://www.youtube.com/watch?v=BxLBKjxFzZs
475,https://www.youtube.com/watch?v=FYj6nJTCn_k
478,https://www.youtube.com/watch?v=1k8DGeDyQ9A
481,https://www.youtube.com/watch?v=fQrNsIiNeTw
485,https://www.youtube.com/watch?v=rz6DyTaV4MQ
487,https://www.youtube.com/watch?v=0r4cCf6D0Yk
490,https://www.youtube.com/watch?v=dpypfwXk2DE
494,https://www.youtube.com/watch?v=dKcPPzP2hkg
498,https://www.youtube.com/watch?v=Q7sT-k3-gWs
502,https://www.youtube.com/watch?v=S_ICCbYTEkg
505,https://www.youtube.com/watch?v=2LTI-6gEXdU
509,https://www.youtube.com/watch?v=v4Bu4sC0Vz0
513,https://www.youtube.com/watch?v=fscCla8QmuE
517,https://www.youtube.com/watch?v=uR_uwpn1UL8
520,https://www.youtube.com/watch?v=3co0-7OTYi0
524,https://www.youtube.com/watch?v=OsHFAEF5eH4
528,https://www.youtube.com/watch?v=mcukmuDZy9U
532,https://www.youtube.com/watch?v=7zG7jspETQQ
534,https://www.youtube.com/watch?v=jIny175EFnU
538,https://www.youtube.com/watch?v=Xw869OeSXgA
541,https://www.youtube.com/@codingshuttle
544,https://www.youtube.com/watch?v=2eeNGaOLKd8
548,https://www.youtube.com/watch?v=bZzCv2t4PXs
550,https://www.youtube.com/watch?v=zjdsPv9EkJM
554,https://www.youtube.com/watch?v=WbwSlQFawpc
558,https://www.youtube.com/watch?v=L-ZXA4p66xo
562,https://www.youtube.com/watch?v=apBidwLVbIM
564,https://www.youtube.com/watch?v=z8mYa8BCvgQ
567,https://www.youtube.com/watch?v=Cs8exgWpPp8
570,https://www.youtube.com/watch?v=zEd9C0eRwzY
574,https://www.youtube.com/watch?v=thgjps34ywU
578,https://www.youtube.com/watch?v=u0_HBScfnmE
582,https://www.youtube.com/watch?v=19mkRakfG6U
584,https://www.youtube.com/watch?v=Xqs9dE3Rfxw
588,https://www.youtube.com/watch?v=1dc4x7pQQJQ
592,https://www.youtube.com/watch?v=pr1aooD_-t8
596,https://www.youtube.com/watch?v=umRzwzhkNjU
599,https://www.youtube.com/watch?v=WqaJHusbW4s
602,https://www.youtube.com/watch?v=GcFSTGsXxkE
606,https://www.youtube.com/watch?v=9zAE4vYlaSw
609,https://www.youtube.com/watch?v=psU77uuaGBg
611,https://www.youtube.com/watch?v=lwTviTOKz7U
614,https://www.youtube.com/watch?v=FNey5HPrt1M
617,https://www.youtube.com/watch?v=j2IfTqNUXHk
620,https://www.youtube.com/watch?v=j6HPQ27zMAU
624,https://www.youtube.com/watch?v=6a8hNwqo-2A
627,https://www.youtube.com/watch?v=onfzIzlFUqE
631,https://www.youtube.com/watch?v=1QuRO6uTKvM
635,https://www.youtube.com/watch?v=3iw3biXOQrI
637,https://www.youtube.com/watch?v=cSwMBPFQzZ8
640,https://www.youtube.com/watch?v=v3ywl7W9Zf4
643,https://www.youtube.com/watch?v=Y5XrvV4a-bY
647,https://www.youtube.com/watch?v=9viIr7u0vCc
649,https://www.youtube.com/watch?v=R_BAiJC1ev0
651,https://www.youtube.com/watch?v=-pulc06dKA8
655,https://www.youtube.com/watch?v=ijwmAGQmxZo
659,https://www.youtube.com/watch?v=rrfKkcSLRXw
662,https://www.youtube.com/watch?v=zqyTkArU5Y0
666,https://www.youtube.com/watch?v=DX-JyMGxniY
669,https://www.youtube.com/hashtag/openinapp
672,https://www.youtube.com/watch?v=S9P9nXi5720
675,https://www.youtube.com/watch?v=SUtx3f9Rw28
678,https://www.youtube.com/watch?v=4e5z8IlE-dc
682,https://www.youtube.com/watch?v=eWUxsklJH3A
686,https://www.youtube.com/watch?v=2ClAHh7R10I
688,https://www.youtube.com/watch?v=cyL5e1ywuAw
692,https://www.youtube.com/watch?v=UuFzm6kjns0
694,https://www.youtube.com/watch?v=x7g8qmE8Jg0
696,https://www.youtube.com/watch?v=Ol40a2ryEXI
700,https://www.youtube.com/watch?v=OjNOQ6gZDWw
704,https://www.youtube.com/watch?v=0H8FnVGG8no
708,https://www.youtube.com/watch?v=9DCUhVR9p_s
711,https://www.youtube.com/watch?v=DnWsQgOfGvM
714,https://www.youtube.com/watch?v=geSZf8qVcLM
717,https://www.youtube.com/watch?v=6Cutwdgxtkk
720,https://www.youtube.com/watch?v=_LgcH6Lob8w
724,https://www.youtube.com/watch?v=gtaPs7sDGAk
726,https://www.youtube.com/watch?v=j9RCwlkQndI
730,https://www.youtube.com/watch?v=lyciCATGS5Q
733,https://www.youtube.com/watch?v=BNe-KGVRwy4
736,https://www.youtube.com/watch?v=kUffENLWzQc
738,https://www.youtube.com/watch?v=pMoxcJEtSuU
742,https://www.youtube.com/watch?v=4VdsEldpe3Y
745,https://www.youtube.com/watch?v=pOvzDooFgps
747,https://www.youtube.com/watch?v=lxMGlTKmIyg
749,https://www.youtube.com/watch?v=HhPM64qidFI
750,https://www.youtube.com/watch?v=NgHbNh8MNcg
752,https://www.youtube.com/watch?v=Niobn7kTt00
754,https://www.youtube.com/watch?v=zRZRdNR5WEI
755,https://www.youtube.com/watch?v=b6sh_wzCt2I
757,https://www.youtube.com/watch?v=VEZY3r0BdaQ
759,https://www.youtube.com/watch?v=OGS8l8GrvOs
760,https://www.youtube.com/watch?v=ritFQObu5X8
762,https://www.youtube.com/watch?v=6ZJLO197ozg
764,https://www.youtube.com/watch?v=cqi7wuuNwwc
765,https://www.youtube.com/watch?v=JFGNj19HTcw
767,https://www.youtube.com/watch?v=HY77OALTAyI
769,https://www.youtube.com/watch?v=1tRIjWxTPXw
770,https://www.youtube.com/watch?v=vf6OoGvc9gQ
772,https://www.youtube.com/watch?v=NK42Cgib4qQ
774,https://www.youtube.com/watch?v=O6lup3SN4Bw
775,https://www.youtube.com/watch?v=gmFg66aaMPo
777,https://www.youtube.com/watch?v=HF_wmkOFaPc
779,https://www.youtube.com/watch?v=csDM5ICnzFw
780,https://www.youtube.com/watch?v=z5v0zx4h4yY
781,https://www.youtube.com/watch?v=KxiKEkCHKMk
782,https://www.youtube.com/watch?v=NLOU2ysBEPQ
783,https://www.youtube.com/watch?v=vNQ5vKOJsHU
784,https://www.youtube.com/source/qtQZg9deBOM/shorts?bp=8gVDCjYSJwoLcXRRWmc5ZGVCT00SC3F0UVpnOWRlQk9NGgtxdFFaZzlkZUJPTRoLcXRRWmc5ZGVCT00oqc2D64uH_4i7AQ%253D%253D
785,https://www.youtube.com/watch?v=BfM-zY_476I
